year,club,name
1956,RealMadrid,Real Madrid
1957,RealMadrid,Real Madrid
1958,RealMadrid,Real Madrid
1959,RealMadrid,Real Madrid
1960,RealMadrid,Real Madrid
1961,Benfica,Benfica
1962,Benfica,Benfica
1963,Milan,Milan
1964,Inter,Inter
1965,Inter,Inter
1966,RealMadrid,Real Madrid
1967,Celtic,Celtic
1968,ManUnited,Manchester United
1969,Milan,Milan
1970,Feyenoord,Feyenoord
1971,Ajax,Ajax
1972,Ajax,Ajax
1973,Ajax,Ajax
1974,Bayern,Bayern
1975,Bayern,Bayern
1976,Bayern,Bayern
1977,Liverpool,Liverpool
1978,Liverpool,Liverpool
1981,Liverpool,Liverpool
1982,AstonVilla,Aston Villa
1983,Hamburg,Hamburgo
1984,Liverpool,Liverpool
1985,Juventus,Juventus
1987,Porto,Porto
1988,PSV,PSV
1989,Milan,Milan
1990,Milan,Milan
1991,CrvenaZvezda,Estrella Roja
1992,Barcelona,Barcelona
1993,Marseille,Marsella
1994,Milan,Milan
1995,Ajax,Ajax
1996,Juventus,Juventus
1997,Dortmund,Dortmund
1998,RealMadrid,Real Madrid
1999,ManUnited,Manchester United
2000,RealMadrid,Real Madrid
2001,Bayern,Bayern
2002,RealMadrid,Real Madrid
2003,Milan,Milan
2004,Porto,Porto
2005,Liverpool,Liverpool
2006,Barcelona,Barcelona
2007,Milan,Milan
2008,ManUnited,Manchester United
2009,Barcelona,Barcelona
2010,Inter,Inter
2011,Barcelona,Barcelona
2012,Chelsea,Chelsea
2013,Bayern,Bayern
2014,RealMadrid,Real Madrid
2015,Barcelona,Barcelona
2016,RealMadrid,Real Madrid
2017,RealMadrid,Real Madrid
2018,RealMadrid,Real Madrid
2019,Liverpool,Liverpool
2020,Bayern,Bayern
2021,Chelsea,Chelsea
2022,RealMadrid,Real Madrid
2023,ManCity,Manchester City
2024,RealMadrid,Real Madrid
2025,ParisSG,PSG
